X,Y,OBJECTID,Soil_name,lat,lon,Notes,Date,Data_Type,PEDON_ID,LAND_UNIT,DESCDPTH_C,SURF_TEXT,O_Depth_CM,Water_dpth,Map_unit,Subgroup,Gr_group,Data_Link,Descript
-71.6038858,41.3698828,12,Anguilla,41.369874,-71.603885,Green Hill Pond,2009/10/02 00:00:00+00,SAS Field description,GH-004,Submerged mainland beach,60,Loamy coarse sand,9999,-1.9,WAa0,Haplic Sulfiwassents,Sulfiwassents,http://nesoil.com/sasdata/GH004.pdf,Loamy sand over mineral marsh with lots of plant fragments
-71.60676263,41.36897177,13,Anguilla,41.368963,-71.606762,Green Hill Pond,2009/10/02 00:00:00+00,SAS Field description,GH-006,Submerged mainland beach,66,Coarse sand,9999,-3.3,WAa0,Typic Haplowassents,Haplowassents,http://nesoil.com/sasdata/GH006.pdf,coarse sand
-71.60778715,41.37129305,14,Anguilla,41.371285,-71.607787,Green Hill Pond,2009/10/02 00:00:00+00,SAS Field description,GH-008,Submerged mainland beach,20,Coarse sandy loam,9999,-2.1,WAa0,Typic Haplowassents,Sulfiwassents,http://nesoil.com/sasdata/GH008.pdf,"Bouldery, till"
-71.61953364,41.37001324,18,Anguilla,41.369933,-71.619616,"Green Hill Pond,estimated location",2009/10/20 00:00:00+00,SAS Field description,GH-014,Submerged mainland beach,40,Gravelly sand,9999,-3.5,WAa0,Typic Haplowassents,Haplowassents,http://nesoil.com/sasdata/GH014.pdf,Very gravelly sands
-71.61081629,41.37700423,19,Anguilla,41.376996,-71.610816,Green Hill Pond,2009/10/20 00:00:00+00,SAS Field description,GH-020,Submerged mainland beach,40,Gravelly coarse sand,9999,-2.4,WAa0,Typic Haplowassents,Haplowassents,http://nesoil.com/sasdata/GH020.pdf,Very gravelly and shelly sands
-71.61248144,41.37201507,20,Anguilla,41.372007,-71.612481,Green Hill Pond,2009/10/20 00:00:00+00,SAS Field description,GH-023,Shoal,20,Gravelly coarse sand,9999,-5,WAa0,Typic Haplowassents,Haplowassents,http://nesoil.com/sasdata/GH023.pdf,Very gravelly sands
-71.73409406,41.33545675,33,Anguilla,41.335444,-71.734098,"SAV cover 15%, no sample all sand",2006/08/03 00:00:00+00,SAS Field description,QP029,Mid-lagoon Channel,10,Sand,9999,9999,WAa2,Not Classified,Psammowassents,http://nesoil.com/sasdata/QP029.pdf,Sandy bottom
-71.71310382,41.35054174,88,Anguilla,41.350533,-71.713103,Vibracore,2006/10/31 00:00:00+00,SAS Vibracore Pedon,RI009-2006-012-QP-P,Mainland Submerged Beach (boulder phase),93,Sand,9999,-3.4,WNe0,Aeric Haplowassents,Haplowassents,http://nesoil.com/sasdata/RI009-2006-012-QP.pdf,Sand
-71.64489389,41.38033912,101,Anguilla,41.380331,-71.644893,Ninigret Pond Fort Neck Cove,2004/08/26 00:00:00+00,SAS Field description,04np104,Mainland Submerged Beach (sand phase),50,Coarse sandy loam,9999,-3.5,WAa0,Aeric Haplowassents,Haplowassents,http://nesoil.com/sasdata/04np104.pdf,Gravelly sand
-71.6477205,41.36302482,114,Anguilla,41.363016,-71.647719,Sampled as RI009-2008-031,2008/08/13 00:00:00+00,SAS Vibracore Pedon,RI009-2008-006-NP,Submerged mainland beach,94,Sandy loam,9999,-3.25,WPa1,Haplic Sulfiwassents,Sulfiwassents,http://nesoil.com/sasdata/RI009-2008-006-NP.pdf,10 cm marine sand over very gravelly coarse sand outwash material
-71.65583999,41.36224492,123,Anguilla,41.362237,-71.65584,Ninigret Pond Grassy Point,2000/09/02 00:00:00+00,SAS Pedon thesis description,00np053,Lagoon Bottom,76,Gravelly sandy loam,9999,-4.27,WPa1,Not Classified,Not Classified,Not Available,Sand
-71.6431965,41.36899728,135,Anguilla,41.368988,-71.643196,On map unit line - check symbol GmsC,2000/08/18 00:00:00+00,SAS Pedon thesis description,00np037,Mainland Submerged Beach (sand phase),60,Loamy sand,9999,-3.1,WAa0,Not Classified,Not Classified,http://nesoil.com/sasdata/00NP037.pdf,Sand
-71.64474315,41.36868863,136,Anguilla,41.368681,-71.644743,Ninigret Pond East Basin,2000/08/22 00:00:00+00,SAS Pedon thesis description,00np041,Mainland Submerged Beach (sand phase),45,Coarse sand,9999,-3,WAa0,Not Classified,Not Classified,http://nesoil.com/sasdata/00NP041.pdf,Gravelly sand
-71.64328753,41.36888014,138,Anguilla,41.36887,-71.643292,Ninigret Pond East Basin,2000/09/18 00:00:00+00,SAS Vibracore Pedon,RI009-2000-009-NP-P,Mainland Submerged Beach (sand phase),56,Very fine sand,9999,9999,WFn0,Not Classified,Not Classified,http://nesoil.com/sasdata/vbi.htm,Sand and coarse sand
-71.64943135,41.36682191,156,Anguilla,41.366815,-71.649432,Ninigret Pond East Basin,2000/08/04 00:00:00+00,SAS Pedon thesis description,00np022,Mainland Submerged Beach (sand phase),75,Gravelly loamy sand,9999,-3.55,WAa0,Not Classified,Not Classified,http://nesoil.com/sasdata/00NP022.pdf,Loamy sand over glaciofluvial
-71.65355325,41.36416805,157,Anguilla,41.364175,-71.653589,Ninigret Pond East Basin,2000/08/04 00:00:00+00,SAS Pedon thesis description,00np025,Mainland Submerged Beach (sand phase),85,Gravelly sand,9999,-3.2,WAa0,Not Classified,Not Classified,http://nesoil.com/sasdata/00NP025.pdf,Gravelly sand
-71.65323941,41.3643843,158,Anguilla,41.364375,-71.65324,Ninigret Pond East Basin,2000/09/14 00:00:00+00,SAS Pedon thesis description,00np054,Mainland Submerged Beach (sand phase),75,Coarse sand,9999,-3,WAa0,Not Classified,Not Classified,http://nesoil.com/sasdata/ninigret054.htm,Gravelly sand
-71.65318261,41.36553323,165,Anguilla,41.365525,-71.653181,Point is on map unit line/ check lan,2000/08/04 00:00:00+00,SAS Pedon thesis description,00np023,Mainland Cove,70,Gravelly coarse sand,9999,-3,WBn0,Not Classified,Not Classified,http://nesoil.com/sasdata/00NP023.pdf,Glaciofluvial
-71.67562146,41.36512232,169,Anguilla,41.365116,-71.675619,Recorded as WP1,2005/08/16 00:00:00+00,SAS Field description,05np001,Shoal,15,Gravelly sand,9999,-1,WAa0,Not Classified,Haplowassents,http://nesoil.com/sasdata/05np001.pdf,Glaciofluvial
-71.64706113,41.36446403,170,Anguilla,41.364455,-71.647062,Ninigret Pond East Basin,2000/07/19 00:00:00+00,SAS Pedon thesis description,00np011,Shoal,100,Coarse sand,9999,-3.1,WAa0,Not Classified,Not Classified,http://nesoil.com/sasdata/00NP011.pdf,Coarse sand with shells throughout
-71.6475443,41.36503444,171,Anguilla,41.365025,-71.647544,Ninigret Pond East Basin,2000/08/02 00:00:00+00,SAS Pedon thesis description,00np019,Shoal,40,Gravelly coarse sand,9999,-4.1,WAa0,Not Classified,Not Classified,http://nesoil.com/sasdata/00NP019.pdf,Glaciofluvial
-71.64705028,41.36455675,173,Anguilla,41.364548,-71.647051,Ninigret Pond East Basin,2000/09/13 00:00:00+00,SAS Pedon thesis description,00np057,Shoal,70,Grav loamy coarse sand,9999,-3.17,WAa0,Not Classified,Not Classified,http://nesoil.com/sasdata/ninigret057.htm,Gravelly sand
-71.67734071,41.36250564,174,Anguilla,41.362496,-71.677342,Recorded as WP21,2005/08/17 00:00:00+00,SAS Field description,05np011,Mainland Submerged Beach (sand phase),30,Gravelly coarse sand,9999,9999,WAa0,Aeric Haplowassents,Haplowassents,http://nesoil.com/sasdata/05np011.pdf,Gravelly sand
-71.67466932,41.36431552,175,Anguilla,41.364307,-71.674669,Recorded as WP16,2005/08/17 00:00:00+00,SAS Field description,05np006,Mainland Submerged Beach (sand phase),90,Coarse sandy loam,9999,-1.6,WAa0,Haplic Sulfiwassents,Sulfiwassents,http://nesoil.com/sasdata/05np006.pdf,Gravelly sand
-71.6547061,41.36311616,178,Anguilla,41.363108,-71.654705,Ninigret Pond East Basin,2000/08/05 00:00:00+00,SAS Pedon thesis description,00np026,Mainland Submerged Beach (sand phase),50,Gravelly loamy sand,9999,-3.45,WAa0,Not Classified,Not Classified,http://nesoil.com/sasdata/00NP026.pdf,Gravelly sand
-71.65606494,41.36234106,179,Anguilla,41.362368,-71.656084,Ninigret Pond East Basin,2000/08/05 00:00:00+00,SAS Pedon thesis description,00np028,Mainland Submerged Beach (sand phase),60,Gravelly coarse sand,9999,-2.8,WAa0,Not Classified,Not Classified,http://nesoil.com/sasdata/00NP028.pdf,Gravelly sand
-71.64764776,41.36298024,180,Anguilla,41.362972,-71.647649,Need to check land unit,2000/07/19 00:00:00+00,SAS Pedon thesis description,00np012,Mainland Submerged Beach (sand phase),75,Sandy loam,9999,-3.65,WAa0,Not Classified,Not Classified,http://nesoil.com/sasdata/00NP012.pdf,Sand and loamy sand with burried A at 58 cm
-71.64860844,41.3620796,181,Anguilla,41.362071,-71.648608,Need to check land unit,2000/07/20 00:00:00+00,SAS Pedon thesis description,00np014,Mainland Submerged Beach (sand phase),30,Ex. grav coarse sand,9999,-3.6,WAa0,Not Classified,Not Classified,http://nesoil.com/sasdata/00NP014.pdf,Glaciofluvial
-71.64778708,41.3607864,182,Anguilla,41.360779,-71.647786,Ninigret Pond East Basin,2000/07/20 00:00:00+00,SAS Pedon thesis description,00np015,Mainland Submerged Beach (sand phase),45,Loamy sand,9999,-3.65,WAa0,Not Classified,Not Classified,http://nesoil.com/sasdata/00NP015.pdf,Glaciofluvial
-71.64645511,41.36303096,183,Anguilla,41.363023,-71.646454,Ninigret Pond East Basin,2000/09/14 00:00:00+00,SAS Pedon thesis description,00np061,Mainland Submerged Beach (sand phase),60,Loamy sand,9999,-2.5,WAa0,Not Classified,Not Classified,http://nesoil.com/sasdata/ninigret061.htm,Sand
-71.65372662,41.3607318,187,Anguilla,41.360722,-71.653719,"Check unit, ID is mapped LB",2000/09/18 00:00:00+00,SAS Vibracore Pedon,RI009-2000-007-NP-P,Mainland Submerged Beach (sand phase),50,Loamy sand,9999,9999,WAa1,Not Classified,Not Classified,http://nesoil.com/sasdata/vbg.htm,12 cm of marine sand over gravelly glaciofluvial material
-71.65344147,41.36057869,188,Anguilla,41.360571,-71.653442,Ninigret Pond East Basin,2000/08/11 00:00:00+00,SAS Pedon thesis description,00np030,Mainland Submerged Beach (sand phase),90,Loamy sand,9999,-5.2,WAa1,Not Classified,Not Classified,http://nesoil.com/sasdata/00NP030.pdf,Loamy sand over glaciofluvial
-71.65133001,41.36161374,189,Anguilla,41.361606,-71.651328,Ninigret Pond East Basin,2000/09/12 00:00:00+00,SAS Pedon thesis description,00np055,Mainland Submerged Beach (sand phase),60,Loamy sand,9999,-5,WAa1,Not Classified,Not Classified,http://nesoil.com/sasdata/ninigret055.pdf,Gravelly sand
-71.65497317,41.35994735,199,Anguilla,41.359938,-71.654971,Ninigret Pond East Basin,2000/08/17 00:00:00+00,SAS Pedon thesis description,00np034,Mainland Submerged Beach (sand phase),45,Sand,9999,-3.3,WAa0,Not Classified,Not Classified,http://nesoil.com/sasdata/00NP034.pdf,Sand
-71.65483068,41.35987442,200,Anguilla,41.359867,-71.654829,Ninigret Pond East Basin,2000/09/14 00:00:00+00,SAS Pedon thesis description,00np060,Mainland Submerged Beach (sand phase),75,Fine sand,9999,-3.9,WAa0,Not Classified,Not Classified,http://nesoil.com/sasdata/ninigret060.pdf,35 cm fine sand over glaciofluvial
-71.65793388,41.36047124,201,Anguilla,41.360463,-71.657933,Ninigret Pond East Basin,2004/07/06 00:00:00+00,SAS Field description,04np07a,Mainland Submerged Beach (sand phase),75,Sand,9999,-2.6,WAa0,Not Classified,Not Classified,http://nesoil.com/sasdata/04np07a.pdf,20 cm sand over till
-71.65330956,41.36012619,203,Anguilla,41.360119,-71.65331,Ninigret Pond,2000/08/17 00:00:00+00,SAS Pedon thesis description,00np033,Mid-lagoon Channel,60,Loamy coarse sand,9999,-6.65,WAa2,Not Classified,Not Classified,http://nesoil.com/sasdata/00NP033.pdf,"60 cm Coarse sand, hard bottom - high energy landform."
-71.65259668,41.36045691,204,Anguilla,41.360449,-71.652597,Ninigret Pond East Basin,2000/09/13 00:00:00+00,SAS Pedon thesis description,00np058,Mid-lagoon Channel,60,Fine sandy loam,9999,-6,WHa2,Not Classified,Not Classified,http://nesoil.com/sasdata/ninigret058.pdf,Sandy loam over gravelly coarse sand
-71.653531,41.36010959,205,Anguilla,41.360102,-71.653529,Ninigret Pond East Basin,2000/09/14 00:00:00+00,SAS Pedon thesis description,00np059,Mid-lagoon Channel,50,Grav loamy coarse sand,9999,-6.45,WHa2,Not Classified,Not Classified,http://nesoil.com/sasdata/ninigret059.htm,Gravelly sand
-71.68438474,41.35854952,206,Anguilla,41.358541,-71.684384,Ninigret Pond West Basin,2004/08/17 00:00:00+00,SAS Field description,04np078,Mainland Submerged Beach (sand phase),35,Loamy sand,9999,-4.7,WAa0,Typic Haplowassents,Haplowassents,http://nesoil.com/sasdata/04np078.pdf,Sand
-71.67111132,41.35683676,209,Anguilla,41.356828,-71.671111,Ninigret Pond West Basin,2004/08/26 00:00:00+00,SAS Field description,04np105,Mainland Submerged Beach (sand phase),95,Loamy sand,9999,-2.4,WAa0,Aeric Haplowassents,Haplowassents,http://nesoil.com/sasdata/04np105.pdf,Gravelly sand
-71.68312645,41.35923282,211,Anguilla,41.359221,-71.683127,Ninigret Pond Hammer core site 3,2004/09/01 00:00:00+00,SAS Vibracore Pedon,RI009-2004-006-NP-P,Mainland Submerged Beach (sand phase),9999,Unknown,9999,9999,WAa0,Not Classified,Not Classified,Not Available,Core description is missing.
-71.69766512,41.34867321,220,Anguilla,41.348665,-71.697664,NCSS conference tour,2008/05/29 00:00:00+00,SAS Vibracore Pedon,RI009-2008-005-NP,Mainland Submerged Beach (boulder phase),170,Sand,9999,-2,WNe0,Haplic Sulfiwassents,Sulfiwassents,http://nesoil.com/sasdata/RI009-2008-005-NP.pdf,109 cm marine sand over glacial material
-71.66907494,41.35364342,233,Anguilla,41.353635,-71.669074,Ninigret Pond West Basin,2004/08/06 00:00:00+00,SAS Field description,04np075,Mid-lagoon Channel,60,Fine sandy loam,9999,-6.6,WHa1,Typic Haplowassents,Haplowassents,http://nesoil.com/sasdata/04np075.pdf,10 cm fine textured material over sand
-71.66943429,41.35511574,234,Anguilla,41.355111,-71.669438,Recorded as WP28,2005/08/23 00:00:00+00,SAS Field description,05np018,Mid-lagoon Channel,9999,Gravelly coarse sand,9999,9999,WHa1,Not Classified,Not Classified,http://nesoil.com/sasdata/05np018.pdf,Gravelly sand
-71.66932884,41.35515864,235,Anguilla,41.355152,-71.669331,Recorded as WP30,2005/09/01 00:00:00+00,SAS Field description,05np20,Mid-lagoon Channel,50,Sand,9999,-5.5,WHa1,Aeric Haplowassents,Haplowassents,http://nesoil.com/sasdata/05np020.pdf,Sand over silt loam over glaciofluvial
-71.80731238,41.32769982,269,Anguilla,41.327691,-71.807312,Sampled as wpt 401,2008/10/02 00:00:00+00,SAS Vibracore Pedon,RI009-2008-018-WP,Mainland Submerged Beach (sand phase),50,Loamy sand,9999,-4.05,WNe0,Aeric Haplowassents,Haplowassents,http://nesoil.com/sasdata/RI009-2008-018-WP.pdf,22 cm sandy marine material over outwash
-71.80906562,41.32369805,270,Anguilla,41.32369,-71.809065,Winnapog pond SW Cove,2008/10/02 00:00:00+00,SAS Vibracore Pedon,RI009-2008-019-WP,Mainland Submerged Beach (sand phase),72,Sand,9999,-4.7,WNd,Aeric Haplowassents,Haplowassents,http://nesoil.com/sasdata/RI009-2008-019-WP.pdf,60 cm of sand over gravel
-71.77901455,41.33820227,271,Anguilla,41.338194,-71.779014,bright gravel at bottom,2008/10/02 00:00:00+00,SAS Vibracore Pedon,RI009-2008-020-WP,Lagoon Bottom,67,Fluid silt loam,9999,-5.8,WFn0,Aeric Haplowassents,Haplowassents,http://nesoil.com/sasdata/RI009-2008-020-WP.pdf,24 cm lagoon bottom over outwash
-71.50671336,41.40395474,281,Anguilla,41.403946,-71.506713,macroalgae,2007/08/23 00:00:00+00,SAS Field description,PJ054,Shoal,65,Sandy loam,9999,-7.6,WAa1,Haplic Sulfiwassents,Sulfiwassents,http://nesoil.com/sasdata/PJ054.pdf,50 cm of human transported sandy materials over sl
-71.50903925,41.4041409,282,Anguilla,41.404132,-71.509039,Core for Chrissy's carbon study,2009/08/06 00:00:00+00,SAS Vibracore Pedon,RI009-2009-013-PJ,Mainland Submerged Beach (sand phase),165,Gravelly loamy sand,104,-3,WAa1,Haplic Sulfiwassents,Sulfiwassents,http://nesoil.com/sasdata/RI009-2009-013-PJ.htm,Sandy and gravelly marine deposits over freshwater organics
-71.50078719,41.39848012,325,Anguilla,41.398571,-71.500874,Field Note,2008/09/16 00:00:00+00,SAS Field description,PJ114,Submerged mainland beach,80,Loamy coarse sand,9999,-5,WAa1,Sulfic Psammowassents,Psammowassents,http://nesoil.com/sasdata/PJ114.pdf,Loamy coarse sand
-71.49388065,41.42247229,326,Anguilla,41.422464,-71.49388,nonvegetated,2007/07/24 00:00:00+00,SAS Field description,PJ010,Shoal,60,Coarse sand,9999,-4.1,WAa0,Typic Haplowassents,Haplowassents,http://nesoil.com/sasdata/PJ010.pdf,Sands
-71.49558109,41.42322179,327,Anguilla,41.423213,-71.495581,Field Note,2008/09/11 00:00:00+00,SAS Field description,PJ100,Shoal,65,Loamy coarse sand,9999,-3.5,WAa0,Typic Psammowassents,Psammowassents,http://nesoil.com/sasdata/PJ100.pdf,coarse sand with shells
-71.49876698,41.41036664,336,Anguilla,41.410358,-71.498766,Core for Chrissy's carbon study,2009/08/06 00:00:00+00,SAS Vibracore Pedon,RI009-2009-012-PJ,Mainland Submerged Beach (sand phase),146,Sand,34,-3,WAa0,Typic Haplowassents,Haplowassents,http://nesoil.com/sasdata/RI009-2009-012-PJ.htm,34 cm marine sand over freshwater organic over loess over outwash
-71.50521845,41.41682959,339,Anguilla,41.416821,-71.505218,Point Judith Pond - North Basin,2007/07/17 00:00:00+00,SAS Field description,PJ003,Shoal,40,Loamy sand,9999,-6.5,WAa1,Typic Haplowassents,Haplowassents,http://nesoil.com/sasdata/PJ003.pdf,40 cm sand
-71.50337275,41.41829953,340,Anguilla,41.418291,-71.503372,nonvegetated,2007/07/24 00:00:00+00,SAS Field description,PJ009,Shoal,60,Sand,9999,-2.4,WAa1,Typic Haplowassents,Haplowassents,http://nesoil.com/sasdata/PJ009.pdf,Sands
-71.49252245,41.41839868,350,Anguilla,41.41839,-71.492522,nonvegetated,2007/07/24 00:00:00+00,SAS Field description,PJ011,Drowned Channel,50,Sand,9999,-3.2,WAa0,Typic Haplowassents,Haplowassents,http://nesoil.com/sasdata/PJ011.pdf,Sands
-71.5215672,41.38578345,352,Anguilla,41.385775,-71.521567,Point Judith Pond - South Basin - FTD,2007/08/02 00:00:00+00,SAS Field description,PJ044,Submerged mainland beach,40,Loamy sand,9999,-4,WAa0,Not Classified,Psammowassents,http://nesoil.com/sasdata/PJ044.pdf,40 cm sand
-71.52166308,41.38589122,353,Anguilla,41.385883,-71.521663,first two tries refusal at 1 foot,2007/08/16 00:00:00+00,SAS Vibracore Pedon,RI009-2007-011-PJ-P,Mainland Submerged Beach (sand phase),137,Loamy fine sand,9999,-4,WAa0,Haplic Sulfiwassents,Sulfiwassents,http://nesoil.com/sasdata/RI009-2007-011-PJ.pdf,50 cm dark marine sand over light marine sand over till
-71.88751709,41.34070411,403,Anguilla,41.340696,-71.887516,CT Coastal Zone Survey,2006/07/18 00:00:00+00,SAS Vibracore Pedon,S06CT011001,Mainland Cove,123,Fluid silt loam,9999,-2.9,CT600,Haplic Sulfiwassents,Sulfiwassents,http://nesoil.com/sasdata/S06CT011001_LNB.pdf,30 cm fluid silt loam over gravelly glacial material
-71.88784834,41.3409171,409,Anguilla,41.340909,-71.887848,Anguilla modal pedon,2005/08/23 00:00:00+00,SAS Field description,CT011-2005-001-LN,Submerged mainland beach,999,Mucky sand,9999,-3.1,CT600,Haplic Sulfiwassents,Sulfiwassents,Not Available,Sand over gravelly outwash
-71.88171295,41.3499004,410,Anguilla,41.349892,-71.881712,"Little Narragansett Bay, Anguilla description",2005/08/23 00:00:00+00,SAS Field description,CT011-2005-002-LN,Submerged mainland beach,132,Mucky sand,9999,-4.2,CT600,Haplic Sulfiwassents,Sulfiwassents,http://nesoil.com/sasdata/CT011_2005_002.pdf,105 cm mucky sand into coarse sand (gravelly outwash) to 132 cm
-71.50966426,41.40651168,415,Anguilla,41.406512,-71.509664,PJ Pond south of boy scouts camp.,2010/07/27 00:00:00+00,SAS Field description,2010RI009023,Submerged mainland beach,9999,Gravelly coarse sand,9999,9999,WAa0,Not Classified,Not Classified,Not Available,Gravelly bottom - erosional terrace. Lost description.
-71.45349219,41.64845161,524,Anguilla,41.648443,-71.453492,Field note - Greenwich Bay,2011/10/26 00:00:00+00,SAS Field description MacCaulay, ,Cove,999,Sand,9999,-4,WAa0,Not Classified,Not Classified,Not Available,Sand bottom - no sample
-71.44012797,41.67551732,527,Anguilla,41.675504,-71.440122,Vibracore,2006/11/29 00:00:00+00,SAS Vibracore Pedon,RI003-2006-004-GB-P,Submerged mainland beach,82,Sand,9999,-4.6,Ws,Typic Haplowassents,Haplowassents,http://nesoil.com/sasdata/RI003-2006-004-GB.pdf,Sand
-71.45247513,41.56788728,544,Anguilla,41.567873,-71.45246,No SAV,2011/11/07 00:00:00+00,SAS Field description MacCaulay,WP77,Cove,60,Mucky sandy loam,9999,-3,WAa0,Not Classified,Not Classified,Not Available,"45 cm black fluid sandy loam, gray sl to 60 cm, macaulay refusal at 60"
-71.5811546,41.37245128,557,Anguilla,41.372454,-71.581152,"Photo Taken, blood worms",2011/12/05 00:00:00+00,SAS Field description MacCaulay, ,Basin,60,Fluid silt loam,9999,-8.6,WAa1,Not Classified,Not Classified,Not Available,"12cm x. fluid sil-5cm gray fs mica-6cm Ab msil to 60 lfs, hard 60cm"
-71.57929961,41.37329649,559,Anguilla,41.373296,-71.579301,Hard bottom,2011/12/05 00:00:00+00,SAS Field description MacCaulay, ,Shoal,20,Sand,9999,-4,WAa0,Not Classified,Not Classified,Not Available,Sand and coarse sand
-71.67551961,41.36509649,588,Anguilla,41.365087,-71.675508,estimated location,2012/09/25 00:00:00+00,SAS Vibracore Pedon,2012RI009003,Shoal,30,Loamy sand,9999,-1,WFn0,Not Classified,Not Classified,Not Available,Gravelly sand
-71.67437972,41.36388811,589,Anguilla,41.363869,-71.674342,estimated location,2012/09/25 00:00:00+00,SAS Vibracore Pedon,2012RI009004,Submerged mainland beach,80,Loamy fine sand,9999,-1,WAa0,Not Classified,Not Classified,Not Available,Gravelly coarse sand
-71.67451933,41.36578692,590,Anguilla,41.365769,-71.674501,estimated location,2012/09/25 00:00:00+00,SAS Vibracore Pedon,2012RI009005,Submerged mainland beach,42,Fine sandy loam,9999,9999,WFn0,Not Classified,Not Classified,Not Available,very gravelly sandy loam
-71.67231734,41.36539954,591,Anguilla,41.365381,-71.672297,estimated location,2012/09/25 00:00:00+00,SAS Vibracore Pedon,2012RI009006,Submerged mainland beach,42,Sandy loam,9999,-1.5,WBn0,Not Classified,Not Classified,Not Available,Very gravelly sand
-71.67740354,41.36218803,592,Anguilla,41.362164,-71.677397,estimated location,2012/09/25 00:00:00+00,SAS Vibracore Pedon,2012RI009007,Submerged mainland beach,42,Fine sandy loam,9999,-1,WAa0,Not Classified,Not Classified,Not Available,Gravelly loamy sand
-71.64593769,41.37291494,594,Anguilla,41.372906,-71.645937,Oyster study - failed vibracore location,2012/10/23 00:00:00+00,SAS Field description, ,Submerged mainland beach,20,Gravelly sand,9999,-4,WAa0,Not Classified,Not Classified,Not Available,"Gravel, sands and shell fragments - lost vibracore"
-71.64578061,41.37264278,595,Anguilla,41.372634,-71.64578,Oyster study,2012/10/23 00:00:00+00,SAS Vibracore Pedon,2012RI009009,Submerged mainland beach,100,Mucky fine sandy loam,9999,-4,WPa1,Not Classified,Not Classified,Not Available,Very shelly sandy loam and silt loams
-71.64465299,41.37329958,596,Anguilla,41.373291,-71.644652,Oyster study,2012/10/23 00:00:00+00,SAS Vibracore Pedon,2012RI009010,Submerged mainland beach,54,Loamy sand,9999,-2.6,WPa1,Not Classified,Not Classified,Not Available,Very gravelly sand
-71.64451771,41.3737973,597,Anguilla,41.373789,-71.644517,Oyster study,2012/10/23 00:00:00+00,SAS Vibracore Pedon,2012RI009011,Submerged mainland beach,37,Coarse sand,9999,-2.8,WPa1,Not Classified,Not Classified,Not Available,Gravelly sand
-71.86626706,41.33339469,602,Anguilla,41.333386,-71.866271,Bucket Auger description water temp 73,2005/08/22 00:00:00+00,SAS Field description, ,Mainland Cove,140,Mucky sand,9999,-4.5,CT 830,Typic Sulfiwassents,Sulfiwassents,http://nesoil.com/sasdata/LNB_CT_Anguilla.pdf,48 cm fluid sand then stratified layers of sil-cos
-71.60713311,41.3674963,2,Pishagqua,41.367488,-71.607133,Green Hill Pond,2009/10/02 00:00:00+00,SAS Field description,GH-009,Lagoon Bottom,230,Fluid silt loam,9999,-5,WPa1,Fluventic Sulfiwassents,Sulfiwassents,http://nesoil.com/sasdata/GH009.pdf,230 + cm of fluid silt loam
-71.61637165,41.37060775,6,Pishagqua,41.370599,-71.616371,Green Hill Pond,2009/10/02 00:00:00+00,SAS Field description,GH-002,Lagoon Bottom,120,Fluid silt loam,9999,-5.8,WPa1,Typic Sulfiwassents,Sulfiwassents,http://nesoil.com/sasdata/GH002.pdf,120 cm fluid silt loam over sand
-71.61131459,41.3707686,7,Pishagqua,41.37076,-71.611314,Green Hill Pond,2009/10/02 00:00:00+00,SAS Field description,GH-011,Lagoon Bottom,161,Fluid silt loam,9999,-6.7,WPa1,Fluventic Sulfiwassents,Sulfiwassents,http://nesoil.com/sasdata/GH011.pdf,147 cm fluid silt loam over sandy loam
-71.61699451,41.36831739,8,Pishagqua,41.368309,-71.616994,Green Hill Pond,2009/10/20 00:00:00+00,SAS Field description,GH-015,Lagoon Bottom,160,Fine sandy loam,9999,-6,WPa1,Fluventic Sulfiwassents,Sulfiwassents,http://nesoil.com/sasdata/GH015.pdf,145 cm fluid lagoon bottom over flood tidal delta sands
-71.61204206,41.37418917,10,Pishagqua,41.374181,-71.612042,Green Hill Pond,2009/10/20 00:00:00+00,SAS Field description,GH-021,Lagoon Bottom,160,Fluid silt loam,9999,-6.8,WPa1,Fluventic Sulfiwassents,Sulfiwassents,http://nesoil.com/sasdata/GH021.pdf,160 cm fluid silt loam
-71.64544504,41.38111634,39,Pishagqua,41.38102,-71.645448,"R.J. Core, location is estimated - 2",2005/10/27 00:00:00+00,SAS Vibracore Pedon,RI009-2005-013-NP-P,Mainland Submerged Beach (sand phase),161,Fluid silt loam,9999,9999,WAa0,Fluventic Sulfiwassents,Sulfiwassents*,http://nesoil.com/sasdata/S05-RI-009-013B.pdf,129 cm silt loam over glaciofluvial
-71.72936631,41.33899821,53,Pishagqua,41.33899,-71.729366,Vibracore,2006/12/15 00:00:00+00,SAS Vibracore Pedon,RI009-2006-014-QP-P,Lagoon Bottom,224,Fluid silt loam,9999,-13.3,WPa2,Sulfic Hydrowassents,Hydrowassents,http://nesoil.com/sasdata/RI009-2006-014-QP.pdf,224 cm fluid sil
-71.71551464,41.34280189,54,Pishagqua,41.342808,-71.71552,Quonny pond east basin,2006/08/03 00:00:00+00,SAS Field description,QP025,Lagoon Bottom,100,Fluid silt loam,9999,-15.5,WPa2,Typic Sulfiwassents,Sulfiwassents,http://nesoil.com/sasdata/QP025.pdf,100 cm of lagoon bottom silts
-71.71396874,41.34199044,56,Pishagqua,41.34108,-71.713524,Quonny pond east basin,2006/07/26 00:00:00+00,SAS Field description,QP006,Lagoon Bottom,140,Fluid silt loam,9999,-8.4,WPa2,Fluventic Sulfiwassents,Sulfiwassents,http://nesoil.com/sasdata/QP006.pdf,113 cm of fluid sil over gravelly sl
-71.71896048,41.34724955,58,Pishagqua,41.347241,-71.71896,Sidescan groundtruthing,2009/07/02 00:00:00+00,SAS Field description,QP325,Lagoon Bottom,185,Fluid silt loam,9999,-9.8,WPa2,Fluventic Sulfiwassents,Sulfiwassents,Not Available,"185 cm of black silt loam, oyster shells 35-60 cm"
-71.72313953,41.34564928,59,Pishagqua,41.345641,-71.723139,Sidescan groundtruthing,2009/07/02 00:00:00+00,SAS Field description,QP326,Lagoon Bottom,120,Fluid silt loam,9999,-8.8,WPa2,Typic Sulfiwassents,Sulfiwassents,Not Available,100 cm black silt loam over loamy fine sand
-71.72908339,41.34111844,60,Pishagqua,41.34111,-71.729083,too deep to sample,2009/07/23 00:00:00+00,SAS Field description,QP-08,Lagoon Bottom,20,Fluid silt loam,9999,-12.7,WPa2,Typic Sulfiwassents,Sulfiwassents,http://nesoil.com/sasdata/QP-8.pdf,Fluid silt loam
-71.74810274,41.33377283,66,Pishagqua,41.333761,-71.748104,Quonny Pond field description,2006/08/02 00:00:00+00,SAS Field description,QP019,Lagoon Bottom,300,Fluid silt loam,9999,-7.6,WPa2,Typic Sulfiwassents,Sulfiwassents,http://nesoil.com/sasdata/QP019.pdf,300 cm plus of fluid silt loam lagoon bottom (mud)
-71.73937897,41.33656413,67,Pishagqua,41.336556,-71.739372,"Oxidized surface, eelgrass bed, shri",2006/12/21 00:00:00+00,SAS Vibracore Pedon,RI009-2006-017-QP-P,Lagoon Bottom,136,Fluid silt loam,9999,-8.2,WPa2,Fluventic Sulfiwassents,Sulfiwassents,http://nesoil.com/sasdata/RI009-2006-017-QP.pdf,"136 cm of fluid silts, hit possoble rock below"
-71.740186,41.33545128,68,Pishagqua,41.335447,-71.740183,"Took two cores, same spot, anthropod",2006/12/21 00:00:00+00,SAS Vibracore Pedon,RI009-2006-018-QP-P,Lagoon Bottom,200,Fluid silt loam,9999,9999,WPa2,Fluventic Sulfiwassents,Sulfiwassents,http://nesoil.com/sasdata/RI009-2006-018-QP.pdf,200 cm of fluid silts.
-71.74678035,41.334645,69,Pishagqua,41.334637,-71.74678,Sidescan groundtruthing,2009/07/23 00:00:00+00,SAS Field description,QP-02,Lagoon Bottom,200,Fluid silt loam,9999,-7.1,WPa2,Fluventic Sulfiwassents,Sulfiwassents,Not Available,"200+ cm of silt loam very fluid to fluid, strong H2S odor"
-71.74183604,41.3334039,70,Pishagqua,41.333395,-71.741835,Sidescan groundtruthing,2009/07/23 00:00:00+00,SAS Field description,QP-04,Lagoon Bottom,20,Fluid silt loam,9999,-13,WPa2,Typic Sulfiwassents,Sulfiwassents,Not Available,Fluid silt loam
-71.74230744,41.3350496,71,Pishagqua,41.335041,-71.742307,Sidescan groundtruthing,2009/07/23 00:00:00+00,SAS Field description,QP-05,Lagoon Bottom,91,Fluid silt loam,9999,-10.4,WPa2,Typic Sulfiwassents,Sulfiwassents,Not Available,Fluid silt loam
-71.64536347,41.36686377,104,Pishagqua,41.366856,-71.645362,Ninigret Pond Fort Neck Cove,2000/07/11 00:00:00+00,SAS Pedon thesis description,00np003,Lagoon Bottom,100,Fine sandy loam,9999,-4.61,WPa1,Not Classified,Not Classified,http://nesoil.com/sasdata/00NP003.pdf,100 cm fine textured material
-71.64782474,41.36539598,105,Pishagqua,41.365387,-71.647825,Ninigret Pond Fort Neck Cove,2000/07/13 00:00:00+00,SAS Pedon thesis description,00np006,Lagoon Bottom,100,Fluid silt loam,9999,-6,WPa1,Not Classified,Not Classified,http://nesoil.com/sasdata/00NP006.pdf,100 cm silt loam
-71.64959912,41.36400324,107,Pishagqua,41.363996,-71.6496,Ninigret Pond Fort Neck Cove,2000/07/13 00:00:00+00,SAS Pedon thesis description,00np008,Lagoon Bottom,100,Fluid silt loam,9999,-5.6,WPa1,Not Classified,Not Classified,http://nesoil.com/sasdata/00NP008.pdf,100 cm silt loam
-71.6481364,41.36371926,109,Pishagqua,41.36371,-71.648135,Ninigret Pond Fort Neck Cove,2000/07/21 00:00:00+00,SAS Pedon thesis description,00np017,Lagoon Bottom,100,Fluid silt loam,9999,-5.6,WPa1,Not Classified,Not Classified,http://nesoil.com/sasdata/00NP017.pdf,100 cm fine textured material
-71.64716622,41.36519349,110,Pishagqua,41.365185,-71.647166,Point is on map unit line,2000/08/02 00:00:00+00,SAS Pedon thesis description,00np018,Lagoon Bottom,100,Fluid silt loam,9999,-5.95,WPa1,Not Classified,Not Classified,http://nesoil.com/sasdata/00NP018.pdf,100 cm fine textured material
-71.64332756,41.37739456,111,Pishagqua,41.377386,-71.643327,Ninigret Pond Fort Neck Cove,2004/07/29 00:00:00+00,SAS Field description,04np068,Lagoon Bottom,130,Fluid silt loam,9999,-5.4,WPa1,Fluventic Sulfiwassents,Sulfiwassents,http://nesoil.com/sasdata/04np068.pdf,130 cm silt loam
-71.64408193,41.37149781,112,Pishagqua,41.371489,-71.644081,Ninigret Pond Fort Neck Cove,2004/08/17 00:00:00+00,SAS Field description,04np083,Lagoon Bottom,100,Fluid silt loam,9999,-5.9,WPa1,Typic Sulfiwassents,Sulfiwassents,http://nesoil.com/sasdata/04np083.pdf,100 cm silt loam
-71.64381874,41.37717118,113,Pishagqua,41.377163,-71.643818,"Fort Neck Cove, Biologic core site 14",2004/09/01 00:00:00+00,SAS Vibracore Pedon,RI009-2004-002-NP-P,Lagoon Bottom,149,Fluid silty clay loam,9999,9999,WPa1,Fluventic Sulfiwassents,Sulfiwassents,http://nesoil.com/sasdata/S04-RI009-002-NP.pdf,"149 cm fluid silt loam, no SAV, labd and XRF data available."
-71.65071927,41.36506968,115,Pishagqua,41.365062,-71.650717,Ninigret Pond Fort Neck Cove,2000/07/14 00:00:00+00,SAS Pedon thesis description,00np009,Lagoon Bottom Channel,78,Fluid silt loam,9999,-6.1,WPa2,Not Classified,Not Classified,http://nesoil.com/sasdata/00NP009.pdf,78 cm siilt loam
-71.6467435,41.36790198,116,Pishagqua,41.367894,-71.646742,Ninigret Pond Fort Neck Cove,2000/07/14 00:00:00+00,SAS Pedon thesis description,00np010,Lagoon Bottom Channel,100,Fluid silt loam,9999,-6,WPa2,Not Classified,Not Classified,http://nesoil.com/sasdata/00NP010.pdf,100 cm silt loam
-71.65185281,41.36337488,117,Pishagqua,41.363367,-71.651853,Ninigret Pond Fort Neck Cove,2000/09/12 00:00:00+00,SAS Pedon thesis description,00np056,Lagoon Bottom Channel,100,Fluid silt loam,9999,9999,WPa2,Not Classified,Not Classified,http://nesoil.com/sasdata/ninigret056.htm,100 cm silt loam
-71.64781113,41.36826357,118,Pishagqua,41.368255,-71.647811,Ninigret Pond Fort Neck Cove,2004/08/17 00:00:00+00,SAS Field description,04np081,Lagoon Bottom,100,Fluid silt loam,9999,-6,WPa2,Typic Sulfiwassents,Sulfiwassents,http://nesoil.com/sasdata/04np081.pdf,100 cm silt loam
-71.64677529,41.37606888,119,Pishagqua,41.37606,-71.646775,"Hammer core, site 10",2004/09/01 00:00:00+00,SAS Vibracore Pedon,RI009-2004-001-NP-P,Lagoon Bottom,191,Fluid silt loam,9999,9999,WPa2,Fluventic Sulfiwassents,Sulfiwassents,http://nesoil.com/sasdata/S04-RI009-001-NP.pdf,191 cm silt loam
-71.64937594,41.36657633,120,Pishagqua,41.366568,-71.649376,Point is on map unit line,2000/08/04 00:00:00+00,SAS Pedon thesis description,00np021,Lagoon Bottom,100,Fluid silt loam,9999,-5.55,WPa1,Not Classified,Not Classified,http://nesoil.com/sasdata/00NP021.pdf,100 cm silt loam
-71.65615774,41.36133699,121,Pishagqua,41.361328,-71.656158,Ninigret Pond Grassy Point,2000/08/05 00:00:00+00,SAS Pedon thesis description,00np029,Lagoon Bottom,100,Fluid silt loam,9999,-6,WPa1,Not Classified,Not Classified,http://nesoil.com/sasdata/00NP029.pdf,100 cm fine textured material
-71.65298858,41.36228093,122,Pishagqua,41.362273,-71.652987,Ninigret Pond Grassy Point,2000/08/17 00:00:00+00,SAS Pedon thesis description,00np035,Lagoon Bottom,100,Fluid silt loam,9999,-6,WPa1,Not Classified,Not Classified,http://nesoil.com/sasdata/00NP035.pdf,100 cm silt loam
-71.65052628,41.37736698,124,Pishagqua,41.377358,-71.650526,Ninigret Pond Fort Neck Cove,2004/08/17 00:00:00+00,SAS Field description,04np086,Lagoon Bottom,239,Fluid silt loam,213,9999,WPa1,Fluventic Sulfiwassents,Sulfiwassents,http://nesoil.com/sasdata/04np086.pdf,213 cm silt loam over organic
-71.65048233,41.37641054,125,Pishagqua,41.376397,-71.650483,Ninigret Pond Fort Neck Cove,2004/08/17 00:00:00+00,SAS Field description,04np088,Lagoon Bottom,312,Fluid silt loam,312,-6,WPa1,Fluventic Sulfiwassents,Sulfiwassents,http://nesoil.com/sasdata/04np088.pdf,312 cm silt loam over organic
-71.63786322,41.37158833,130,Pishagqua,41.37158,-71.637863,Ninigret Pond Fort Neck Cove,2004/08/26 00:00:00+00,SAS Field description,04np097,Lagoon Bottom,180,Fluid silt loam,9999,-3.4,WPa0,Typic Sulfiwassents,Sulfiwassents,http://nesoil.com/sasdata/04np097.pdf,180 cm silt loam
-71.63793507,41.37033298,131,Pishagqua,41.370324,-71.637934,Ninigret Pond Fort Neck Cove,2004/08/26 00:00:00+00,SAS Field description,04np098,Lagoon Bottom,135,Fluid silt loam,9999,-4.5,WPa0,Typic Sulfiwassents,Sulfiwassents,http://nesoil.com/sasdata/04np098.pdf,135 cm silt loam
-71.63806967,41.36908474,132,Pishagqua,41.369076,-71.638069,Ninigret Pond East Basin,2004/08/26 00:00:00+00,SAS Field description,04np099,Lagoon Bottom,135,Fluid silt loam,9999,-5,WPa0,Typic Sulfiwassents,Sulfiwassents,http://nesoil.com/sasdata/04np099.pdf,135 cm silt loam
-71.63960969,41.36877511,133,Pishagqua,41.368767,-71.639609,Ninigret Pond East Basin,2004/08/26 00:00:00+00,SAS Field description,04np100,Lagoon Bottom,140,Fluid silt loam,9999,-4.7,WPa0,Typic Sulfiwassents,Sulfiwassents,http://nesoil.com/sasdata/04np100.pdf,140 cm silt loam
-71.64054787,41.36865232,134,Pishagqua,41.368644,-71.640547,Ninigret Pond East Basin,2004/08/26 00:00:00+00,SAS Field description,04np101,Lagoon Bottom,152,Fluid silt loam,9999,-3.8,WPa0,Typic Sulfiwassents,Sulfiwassents,http://nesoil.com/sasdata/04np101.pdf,145 cm silt loam over sandy material
-71.67419107,41.36283492,159,Pishagqua,41.362826,-71.674191,Recorded as WP17,2005/08/17 00:00:00+00,SAS Field description,05np007,Lagoon Bottom,365,Fluid silt loam,9999,-5.5,WPa1,Not Classified,Sulfiwassents,http://nesoil.com/sasdata/05np007.pdf,365 cm silt loam
-71.67336059,41.36246217,160,Pishagqua,41.362455,-71.673358,Recorded as WP18,2005/08/17 00:00:00+00,SAS Field description,05np008,Lagoon Bottom,150,Fluid silt loam,9999,-4.2,WPa1,Not Classified,Sulfiwassents,http://nesoil.com/sasdata/05np008.pdf,150 cm silt loam
-71.67530063,41.36022954,161,Pishagqua,41.360224,-71.675304,Recorded as WP22,2005/08/17 00:00:00+00,SAS Field description,05np012,Lagoon Bottom,120,Fluid silt loam,9999,-3.8,WPa1,Not Classified,Not Classified,http://nesoil.com/sasdata/05np012.pdf,30 cm silt loam over sand over silt loam
-71.65933173,41.35722937,214,Pishagqua,41.357221,-71.659331,Ninigret Pond West Basin,2004/08/06 00:00:00+00,SAS Field description,04np077,Lagoon Bottom,164,Fluid silt loam,9999,9999,WPa1,Not Classified,Sulfiwassents,http://nesoil.com/sasdata/04np077.pdf,164 cm silt loam
-71.65898323,41.35894256,215,Pishagqua,41.358934,-71.65898,Sampled as 034 - surface lost,2008/08/13 00:00:00+00,SAS Vibracore Pedon,RI009-2008-009-NP,Lagoon Bottom,77,Fluid silt loam,9999,-3,WPa1,Typic Sulfiwassents,Sulfiwassents,http://nesoil.com/sasdata/RI009-2008-009-NP.pdf,48 cm lagoon bottom over galciofluvial deposits
-71.69106706,41.35140654,236,Pishagqua,41.351398,-71.691066,Ninigret Pond West Basin,2004/08/06 00:00:00+00,SAS Field description,04np072,Lagoon Bottom,200,Fluid silt loam,9999,-6.3,WPa1,Fluventic Sulfiwassents,Sulfiwassents,http://nesoil.com/sasdata/04np072.pdf,200 cm silt loam
-71.6829397,41.3499615,237,Pishagqua,41.349953,-71.682939,Ninigret Pond West Basin,2004/08/19 00:00:00+00,SAS Field description,04np091,Lagoon Bottom,142,Fluid silt loam,9999,-6.5,WPa1,Typic Sulfiwassents,Sulfiwassents,http://nesoil.com/sasdata/04np091.pdf,101 cm silt loam over sand
-71.68544883,41.35373101,238,Pishagqua,41.353723,-71.685448,Ninigret Pond West Basin,2004/08/19 00:00:00+00,SAS Field description,04np093,Lagoon Bottom,243,Fluid silt loam,9999,-5.9,WPa1,Typic Sulfiwassents,Sulfiwassents,http://nesoil.com/sasdata/04np093.pdf,243 cm silt loam
-71.68702387,41.3513125,239,Pishagqua,41.351304,-71.687023,NCSS conference tour,2008/05/29 00:00:00+00,SAS Vibracore Pedon,RI009-2008-004-NP,Lagoon Bottom,141,Fine sandy loam,9999,-6,WPa1,Fluventic Sulfiwassents,Sulfiwassents,http://nesoil.com/sasdata/RI009-2008-004-NP.pdf,141 cm of fluid marine silt
-71.44238691,41.58344623,260,Pishagqua,41.583438,-71.442386,Vibracore,2006/10/17 00:00:00+00,SAS Vibracore Pedon,RI009-2006-005-WH-P,Bay Bottom,119,Fluid silt loam,9999,-3.4,Ws,Fluventic Sulfiwassents,Sulfiwassents,http://nesoil.com/sasdata/RI009-2006-005-WH.pdf,109 cm of fluid sil over sandy material
-71.78174815,41.33340447,261,Pishagqua,41.333396,-71.781747,"Sampled as core 4, wpt 399",2008/09/30 00:00:00+00,SAS Vibracore Pedon,RI009-2008-017-WP,Lagoon Bottom,209,Fluid silt loam,9999,-6.2,WPa1,Fluventic Sulfiwassents,Sulfiwassents,http://nesoil.com/sasdata/RI009-2008-017-WP.pdf,182 cm lagoon bottom over salt marsh material
-71.7786502,41.3368304,262,Pishagqua,41.336822,-71.77865,Winnapog pond NE Cove,2008/10/02 00:00:00+00,SAS Field description,WP003,Lagoon Bottom,150,Fluid silt loam,9999,-5,WPa1,Fluventic Sulfiwassents,Sulfiwassents,Not Available,"150 cm of sil, lagoon bottom into hard gravelly"
-71.78574749,41.33552434,263,Pishagqua,41.335516,-71.785747,Winnapog pond NC Cove,2008/10/02 00:00:00+00,SAS Field description,WP005,Lagoon Bottom,300,Fluid silt loam,9999,9999,WPa1,Fluventic Sulfiwassents,Sulfiwassents,Not Available,Over 300 cm of fluid silts (Lagoon Bottom) material
-71.78828134,41.333741,264,Pishagqua,41.333733,-71.788281,Winnapog pond NC Cove,2008/10/02 00:00:00+00,SAS Field description,WP006,Lagoon Bottom,300,Fluid silt loam,9999,9999,WPa1,Fluventic Sulfiwassents,Sulfiwassents,Not Available,Over 300 cm of fluid silts (Lagoon Bottom) material
-71.50965331,41.41346624,279,Pishagqua,41.413458,-71.509653,Field Note,2008/09/11 00:00:00+00,SAS Field description,PJ106,Cove,200,Fluid silt loam,9999,-5.6,WPa1,Fluventic Sulfiwassents,Sulfiwassents,http://nesoil.com/sasdata/PJ106.pdf,200 cm lagoon bottom
-71.51142192,41.41434152,280,Pishagqua,41.414333,-71.511421,Field Note,2008/09/11 00:00:00+00,SAS Field description,PJ107,Cove,235,Fluid silt loam,9999,-3.4,WPa1,Fluventic Sulfiwassents,Sulfiwassents,http://nesoil.com/sasdata/PJ107.pdf,180 cm lagoon bottom over possible organic silt
-71.51124587,41.40574084,283,Pishagqua,41.405732,-71.511245,McCaulay for Chrissy's carbon study,2009/08/06 00:00:00+00,SAS Pedon thesis description,RI009-2009-010-PJ,Lagoon Bottom,150,Fluid silt loam,9999,9999,WFn1,Fluventic Sulfiwassents,Sulfiwassents,Not Available,150 cm fluid silt loam
-71.50718241,41.40892579,289,Pishagqua,41.408917,-71.507182,nonvegetated,2007/08/23 00:00:00+00,SAS Field description,PJ055,Cove,165,Fluid silt loam,9999,-6,WHa3,Fluventic Sulfiwassents,Sulfiwassents,http://nesoil.com/sasdata/PJ055.pdf,170 cm of fluid sil over sand
-71.50543702,41.40817817,293,Pishagqua,41.408144,-71.505435,Pt. Judith Pond north of Gardner Is.,2008/10/08 00:00:00+00,SAS Transect Data,PJ120,Lagoon Bottom,137,Fluid mucky silt loam,9999,-13,WHa3,Fluventic Sulfiwassents,Sulfiwassents,Not Available,137 cm mucky silt loam; ACg olive 10-25cm
-71.50030053,41.40294846,302,Pishagqua,41.40294,-71.5003,Point Judith Pond - North Basin,2007/07/26 00:00:00+00,SAS Field description,PJ030,Mainland Cove,100,Fluid silt loam,9999,-3.2,WFn1,Fluventic Sulfiwassents,Sulfiwassents,http://nesoil.com/sasdata/PJ030.pdf,100 cm of fluid sil
-71.49513053,41.39561345,303,Pishagqua,41.395605,-71.49513,Point Judith Pond - Bluff Hill Cove,2007/07/26 00:00:00+00,SAS Field description,PJ021,Lagoon Bottom,320,Fluid silt loam,9999,-4.4,WPa1,Fluventic Sulfiwassents,Sulfiwassents,http://nesoil.com/sasdata/PJ021.pdf,320 cm of fluid sicl
-71.49341553,41.39283012,306,Pishagqua,41.392822,-71.493415,Point Judith Pond - Bluff Hill Cove,2007/07/31 00:00:00+00,SAS Field description,PJ036,Lagoon Bottom,70,Fine sandy loam,9999,9999,WPa1,Typic Sulfiwassents,Sulfiwassents,http://nesoil.com/sasdata/PJ036.pdf,70 cm fluid fsl
-71.49549053,41.40160012,323,Pishagqua,41.401592,-71.49549,Point Judith Pond - North Basin,2007/07/26 00:00:00+00,SAS Field description,PJ025,Lagoon Bottom,150,Fluid silt loam,9999,-6,WFn1,Fluventic Sulfiwassents,Sulfiwassents,http://nesoil.com/sasdata/PJ025.pdf,150 cm of fluid sil
-71.49463553,41.40456512,324,Pishagqua,41.404557,-71.494635,Point Judith Pond - North Basin,2007/07/26 00:00:00+00,SAS Field description,PJ026,Lagoon Bottom,207,Fluid silt loam,9999,-5.2,WFn1,Fluventic Sulfiwassents,Sulfiwassents,http://nesoil.com/sasdata/PJ026.pdf,207 cm of fluid sil
-71.49489997,41.42255846,328,Pishagqua,41.42255,-71.494899,Field Note,2008/09/11 00:00:00+00,SAS Field description,PJ101,Shoal,100,Fluid silt loam,9999,-4.9,WAa0,Typic Sulfiwassents,Sulfiwassents,http://nesoil.com/sasdata/PJ101.pdf,100 cm lagoon bottom
-71.4949201,41.42128257,329,Pishagqua,41.421274,-71.49492,McCaulay for Chrissy's carbon study,2009/08/06 00:00:00+00,SAS Pedon thesis description,RI009-2009-015-PJ,Lagoon Bottom,150,Fluid silt loam,9999,9999,WAa0,Fluventic Sulfiwassents,Sulfiwassents,Not Available,150 cm fluid silt loam
-71.50098307,41.42066976,334,Pishagqua,41.420661,-71.500983,Point Judith Pond - North Basin,2007/07/24 00:00:00+00,SAS Field description,PJ008,Mainland Cove,344,Fluid silt loam,280,-6.5,WAa0,Fluventic Sulfiwassents,Sulfiwassents,http://nesoil.com/sasdata/PJ008.pdf,280 cm of fluid sil over peat
-71.49823053,41.42095013,335,Pishagqua,41.420942,-71.49823,Point Judith Pond - North Basin,2007/07/25 00:00:00+00,SAS Field description,PJ014,Lagoon Bottom,240,Fluid silt loam,9999,-3.8,WPa1,Fluventic Sulfiwassents,Sulfiwassents,http://nesoil.com/sasdata/PJ014.pdf,160 cm of fluid sil
-71.50386853,41.41657046,338,Pishagqua,41.416559,-71.503857,Pt. Judith Pond NW corner,2008/10/08 00:00:00+00,SAS Transect Data,PJ130,Lagoon Bottom,200,Fluid silt loam,9999,9999,WPa2,Fluventic Sulfiwassents,Sulfiwassents,Not Available,200 cm of fluid silts (Lagoon Bottom)
-71.5080172,41.40564179,341,Pishagqua,41.405633,-71.508017,Point Judith Pond - North Basin,2007/08/09 00:00:00+00,SAS Field description,PJ050,Lagoon Bottom,300,Fluid silt loam,9999,-5.6,WPa2,Fluventic Sulfiwassents,Sulfiwassents,http://nesoil.com/sasdata/PJ050.pdf,300 cm fluid sil
-71.50170542,41.3973212,342,Pishagqua,41.397313,-71.501705,Point Judith Pond - South Basin - FTD,2007/08/15 00:00:00+00,SAS Field description,PJ051,Lagoon Bottom,200,Fluid silt loam,9999,9999,WPa2,Fluventic Sulfiwassents,Sulfiwassents,http://nesoil.com/sasdata/PJ051.pdf,200 cm silt loam with many shells
-71.50784374,41.39762337,343,Pishagqua,41.397615,-71.507843,high SAV cover estimated,2007/08/23 00:00:00+00,SAS Field description,PJ052,Lagoon Bottom,300,Fluid silt loam,9999,-5.4,WPa2,Fluventic Sulfiwassents,Sulfiwassents,http://nesoil.com/sasdata/PJ052.pdf,Over 300 cm of fuild sil
-71.50574617,41.40244348,344,Pishagqua,41.402435,-71.505746,nonvegetated,2007/08/23 00:00:00+00,SAS Field description,PJ053,Lagoon Bottom,255,Fluid silt loam,9999,-7.7,WPa2,Fluventic Sulfiwassents,Sulfiwassents,http://nesoil.com/sasdata/PJ053.pdf,200 cm of fluid sil
-71.50593386,41.40614346,345,Pishagqua,41.406152,-71.505999,Field Note,2008/09/16 00:00:00+00,SAS Field description,PJ113,Lagoon Bottom,304,Fluid silt loam,9999,-10.4,WPa2,Fluventic Sulfiwassents,Sulfiwassents,http://nesoil.com/sasdata/PJ113.pdf,Lagoon bottom with sand lenses
-71.5044945,41.40590702,346,Pishagqua,41.405965,-71.504645,"Pt. Judith, south of Gardner Is.",2008/10/08 00:00:00+00,SAS Transect Data,PJ125,Lagoon Bottom,100,Sandy loam,9999,9999,WPa2,Not Classified,Not Classified,Not Available,100 cm v. fluid silt loam over sand (Lagoon Bottom)
-71.49452219,41.42348179,348,Pishagqua,41.423473,-71.494522,Point Judith Pond - North Basin,2007/07/25 00:00:00+00,SAS Field description,PJ015,Lagoon Bottom,100,Fluid silt loam,9999,-4.6,WPa1,Fluventic Sulfiwassents,Sulfiwassents,http://nesoil.com/sasdata/PJ015.pdf,100 cm of fluid sil
-71.5151672,41.39658845,351,Pishagqua,41.39658,-71.515167,Point Judith Pond - South Basin - FTD,2007/08/09 00:00:00+00,SAS Field description,PJ047,Mainland Cove,150,Fluid silt loam,9999,-2.9,WPa0,Fluventic Sulfiwassents,Sulfiwassents,http://nesoil.com/sasdata/PJ047.pdf,150 cm fluid sil over sands
-71.5119822,41.40059345,362,Pishagqua,41.400585,-71.511982,Point Judith Pond - South Basin - FTD,2007/08/09 00:00:00+00,SAS Field description,PJ048,Lagoon Bottom,417,Fluid silt loam,9999,-5.9,WPa1,Fluventic Sulfiwassents,Sulfiwassents,http://nesoil.com/sasdata/PJ048.pdf,417 cm fluid sil
-71.5128572,41.40073679,363,Pishagqua,41.400728,-71.512857,Point Judith Pond - South Basin - FTD,2007/08/09 00:00:00+00,SAS Field description,PJ049,Mainland Submerged Beach (boulder phase),115,Fluid silt loam,9999,-5.1,WAa0,Typic Sulfiwassents,Sulfiwassents,http://nesoil.com/sasdata/PJ049.pdf,115 cm fluid sil over sand
-71.50606053,41.41989513,366,Pishagqua,41.419887,-71.50606,Point Judith Pond - North Basin,2007/07/25 00:00:00+00,SAS Field description,PJ017,Lagoon Bottom,140,Fluid silt loam,9999,-7,WPa2,Fluventic Sulfiwassents,Sulfiwassents,http://nesoil.com/sasdata/PJ017.pdf,140 cm of fluid sil underlain by sand
-71.5012872,41.41659012,367,Pishagqua,41.416582,-71.501287,Point Judith Pond - North Basin,2007/07/25 00:00:00+00,SAS Field description,PJ019,Lagoon Bottom,274,Fluid silt loam,234,-6.9,WPa2,Fluventic Sulfiwassents,Sulfiwassents,http://nesoil.com/sasdata/PJ019.pdf,243 cm of fluid sil underlain by orgaincs
-71.50149294,41.41127407,368,Pishagqua,41.411266,-71.501492,Point Judith Pond - North Basin,2007/07/17 00:00:00+00,SAS Field description,PJ001,Lagoon Bottom,200,Fluid silt loam,9999,-11.2,WPa2,Fluventic Sulfiwassents,Sulfiwassents,http://nesoil.com/sasdata/PJ001.pdf,200 cm silt loam
-71.50569797,41.4146938,369,Pishagqua,41.414685,-71.505697,Point Judith Pond - North Basin,2007/07/17 00:00:00+00,SAS Field description,PJ002,Lagoon Bottom,228,Fluid silt loam,9999,-9.95,WPa2,Fluventic Sulfiwassents,Sulfiwassents,http://nesoil.com/sasdata/PJ002.pdf,228 cm silt loam
-71.50789454,41.42000692,370,Pishagqua,41.419998,-71.507894,Point Judith Pond - North Basin,2007/07/17 00:00:00+00,SAS Field description,PJ004,Lagoon Bottom,280,Fluid silt loam,9999,-8.2,WPa2,Fluventic Sulfiwassents,Sulfiwassents,http://nesoil.com/sasdata/PJ004.pdf,280 cm silt loam
-71.50190414,41.4194854,371,Pishagqua,41.419477,-71.501904,Field Note,2008/09/11 00:00:00+00,SAS Field description,PJ103,Lagoon Bottom,195,Fluid silt loam,9999,-6.9,WPa2,Fluventic Sulfiwassents,Sulfiwassents,http://nesoil.com/sasdata/PJ103.pdf,195 cm lagoon bottom
-71.50156803,41.41964818,372,Pishagqua,41.41964,-71.501568,Field Note,2008/09/11 00:00:00+00,SAS Field description,PJ104,Lagoon Bottom,195,Fluid silt loam,9999,-7,WPa2,Fluventic Sulfiwassents,Sulfiwassents,http://nesoil.com/sasdata/PJ104.pdf,195 cm lagoon bottom
-71.5036547,41.4149404,373,Pishagqua,41.414932,-71.503654,Field Note,2008/09/11 00:00:00+00,SAS Field description,PJ105,Lagoon Bottom,64,"Silt loam, shelly",9999,-8.4,WPa2,Haplic Sulfiwassents,Sulfiwassents,http://nesoil.com/sasdata/PJ105.pdf,Very shelly silt loam and sandy loam
-71.50466732,41.41192837,376,Pishagqua,41.412039,-71.504733,several cm of organic silt (LB),2008/10/08 00:00:00+00,SAS Transect Data,PJ116,Lagoon Bottom,4,Fluid silt loam,9999,9999,WPa2,Not Classified,Not Classified,Not Available,Several cm of organic silt (LB)
-71.50424608,41.41191545,377,Pishagqua,41.411973,-71.504207,Organic silt to 4 ft.  Clam worm. Sa,2008/10/08 00:00:00+00,SAS Transect Data,PJ117,Lagoon Bottom,121,Fluid silt loam,9999,9999,WPa2,Fluventic Sulfiwassents,Sulfiwassents,Not Available,121 cm of organic silt over sand
-71.50330905,41.41195431,379,Pishagqua,41.412039,-71.50333,"Pt. Judith Pond, center",2008/10/08 00:00:00+00,SAS Transect Data,PJ119,Lagoon Bottom,50,Fluid silt loam,9999,9999,WPa2,Not Classified,Not Classified,Not Available,50 cm organic silt loam with some shells.
-71.50457451,41.4083973,380,Pishagqua,41.408408,-71.504558,Pt Judith Pond north of Gardner IS.,2008/10/08 00:00:00+00,SAS Transect Data,PJ122,Lagoon Bottom,100,Fluid silt loam,9999,9999,WPa2,Fluventic Sulfiwassents,Sulfiwassents,Not Available,100 cm of fluid silts (Lagoon Bottom)
-71.50426597,41.40847914,381,Pishagqua,41.408471,-71.504265,"Pt. Judith Pond, center.",2008/10/08 00:00:00+00,SAS Transect Data,PJ123,Lagoon Bottom,225,Fluid silt loam,9999,-8,WPa2,Fluventic Sulfiwassents,Sulfiwassents,Not Available,225 cm of fluid silts (Lagoon Bottom) 8ft of H20 depth
-71.50401002,41.40856626,382,Pishagqua,41.408672,-71.503944,"Pt. Judith Pond, center",2008/10/08 00:00:00+00,SAS Transect Data,PJ124,Lagoon Bottom,286,Fluid silt loam,9999,-8,WPa2,Fluventic Sulfiwassents,Sulfiwassents,Not Available,286 cm of fluid silts (Lagoon Bottom).  8ft H20 depth.
-71.50629675,41.41676822,383,Pishagqua,41.416827,-71.506302,Pt. Judith Pond NW corner,2008/10/08 00:00:00+00,SAS Transect Data,PJ129,Lagoon Bottom,200,Fluid silt loam,9999,9999,WPa2,Fluventic Sulfiwassents,Sulfiwassents,Not Available,200 cm plus of fluid silts (Lagoon Bottom)
-71.50295407,41.41214394,384,Pishagqua,41.412135,-71.502954,McCaulay for Chrissy's carbon study,2009/08/06 00:00:00+00,SAS Pedon thesis description,RI009-2009-014-PJ,Lagoon Bottom,150,Fluid silt loam,9999,9999,WPa2,Fluventic Sulfiwassents,Sulfiwassents,Not Available,150 cm fluid silt loam
-71.49895719,41.38967345,386,Pishagqua,41.389724,-71.498858,Field Note,2008/09/16 00:00:00+00,SAS Field description,PJ115,Cove,230,Fluid silt loam,23,-4,WBn0,Fluventic Sulfiwassents,Sulfiwassents,http://nesoil.com/sasdata/PJ115.pdf,Lagoon bottom with 5 cm organic horizon
-71.49204719,41.39607012,387,Pishagqua,41.396062,-71.492047,Point Judith Pond - Bluff Hill Cove,2007/07/26 00:00:00+00,SAS Field description,PJ022,Lagoon Bottom,270,Fluid silt loam,250,-3.5,WPa0,Fluventic Sulfiwassents,Sulfiwassents,http://nesoil.com/sasdata/PJ022.pdf,250 cm of fluid sil underlain by orgaincs
-71.50918669,41.41918926,389,Pishagqua,41.419181,-71.509186,Point Judith Pond - North Basin,2007/07/17 00:00:00+00,SAS Field description,PJ005,Lagoon Bottom,150,Fluid silt loam,9999,-6,WPa2,Fluventic Sulfiwassents,Sulfiwassents,http://nesoil.com/sasdata/PJ005.pdf,150 cm silt loam
-71.53374208,41.38303489,390,Pishagqua,41.382946,-71.533741,Potters Cove  Lagoon Bottom <8.4ft,2009/08/12 00:00:00+00,SAS Field description,PP-001,Lagoon Bottom,250,Fluid silt loam,9999,-5.6,WPa0,Fluventic Sulfiwassents,Sulfiwassents,Not Available,Greater than 250 cm fluid silt loam
-71.53510114,41.38415777,391,Pishagqua,41.384149,-71.5351,Potters Cove  Lagoon Bottom > 6 ft,2009/08/12 00:00:00+00,SAS Field description,PP-002,Lagoon Bottom,200,Fluid silt loam,9999,-5.8,WPa0,Fluventic Sulfiwassents,Sulfiwassents,Not Available,Greater tahn 200 cm fluid silt loam
-71.54017942,41.37575972,392,Pishagqua,41.375759,-71.540027,Potters Cove  Lagoon Bottom,2009/08/12 00:00:00+00,SAS Field description,PP-005,Lagoon Bottom,50,Fine sandy loam,9999,-4.8,WPa0,Fluventic Sulfiwassents,Sulfiwassents,Not Available,Fluid lagoon bottom material
-71.53851456,41.38367718,394,Pishagqua,41.383628,-71.538362,Potters Cove,2009/08/12 00:00:00+00,SAS Field description,PP-007,Lagoon Bottom,200,Fluid silt loam,9999,-7.6,WPa0,Fluventic Sulfiwassents,Sulfiwassents,Not Available,Greater than 200 cm of fluid silt loam
-71.43682855,41.66947637,511,Pishagqua,41.669468,-71.436828,Field note - Greenwich Bay,2011/10/26 00:00:00+00,SAS Field description MacCaulay, ,Bay Bottom,100,Mucky silt loam,9999,-12,WPa3,Not Classified,Not Classified,Not Available,100+ cm fluid sil
-71.43151366,41.67590981,512,Pishagqua,41.675901,-71.431513,Field note - Greenwich Bay,2011/10/26 00:00:00+00,SAS Field description MacCaulay, ,Bay Bottom,180,Mucky silt loam,9999,-14,WPa3,Not Classified,Not Classified,Not Available,180+cm fluid sil
-71.43098753,41.68076428,513,Pishagqua,41.680756,-71.430987,Field note - Greenwich Bay,2011/10/26 00:00:00+00,SAS Field description MacCaulay, ,Bay Bottom,200,Mucky silt loam,9999,-14.4,WPa3,Not Classified,Not Classified,Not Available,200+ cm fluid sil
-71.38629486,41.69564761,516,Pishagqua,41.695639,-71.386294,Field note - Greenwich Bay,2011/10/26 00:00:00+00,SAS Field description MacCaulay, ,Cove,200,Mucky silt loam,9999,-4.2,WPa1,Not Classified,Not Classified,Not Available,200+ cm fluid sil
-71.38931964,41.69317906,517,Pishagqua,41.69317,-71.389319,Field note - Greenwich Bay,2011/10/26 00:00:00+00,SAS Field description MacCaulay, ,Cove,100,Mucky silt loam,9999,9999,WPa0,Not Classified,Not Classified,Not Available,100+ cm fluid silt loam
-71.41724974,41.67833302,519,Pishagqua,41.678324,-71.417249,Field note - Greenwich Bay,2011/10/26 00:00:00+00,SAS Field description MacCaulay, ,Bay Bottom,100,Mucky silt loam,9999,-17,WPa3,Not Classified,Not Classified,Not Available,100 cm fluid sil
-71.42076429,41.67399681,520,Pishagqua,41.673988,-71.420764,Field note - Greenwich Bay,2011/10/26 00:00:00+00,SAS Field description MacCaulay, ,Bay Bottom,100,Mucky silt loam,9999,-16,WPa3,Not Classified,Not Classified,Not Available,100 cm fluid sil
-71.44364647,41.67035186,522,Pishagqua,41.670343,-71.443646,Field note - Greenwich Bay,2011/10/26 00:00:00+00,SAS Field description MacCaulay, ,Cove,200,Mucky silt loam,9999,-12,WPa3,Not Classified,Not Classified,Not Available,200+ cm fluid sil
-71.44201116,41.662138,523,Pishagqua,41.662129,-71.442011,Field note - Greenwich Bay,2011/10/26 00:00:00+00,SAS Field description MacCaulay, ,Cove,200,Mucky silt loam,9999,-13,WPa3,Not Classified,Not Classified,Not Available,200+ cm fluid sil
-71.45187247,41.65071271,525,Pishagqua,41.650704,-71.451872,Field note - Greenwich Bay,2011/10/26 00:00:00+00,SAS Field description MacCaulay, ,Cove,100,Mucky silt loam,9999,-6,Wpa2,Not Classified,Not Classified,Not Available,100+ cm fluid sil
-71.44325922,41.69102834,526,Pishagqua,41.69102,-71.443264,Vibracore,2006/11/29 00:00:00+00,SAS Vibracore Pedon,RI003-2006-008-GB-P,Mainland Cove,91,Fluid silt loam,9999,-6,Ws,Typic Hydrowassents,Hydrowassents,http://nesoil.com/sasdata/RI003-2006-008-GB.pdf,50 cm silt loam over sandy material
-71.45144483,41.58266311,541,Pishagqua,41.582654,-71.451444,No SAV,2011/11/07 00:00:00+00,SAS Field description MacCaulay,WP74,Drowned River Valley,200,Mucky silt loam,9999,-3.5,WPa0,Not Classified,Sulfiwassents,Not Available,"200 cm fluid sil, sulfidic odor throughout, few shells"
-71.58295432,41.37496041,561,Pishagqua,41.374966,-71.58295,Slight H2S odor in LB,2011/12/05 00:00:00+00,SAS Field description MacCaulay, ,Lagoon Bottom,130,Fluid silt loam,9999,-7,WPa1,Not Classified,Not Classified,Not Available,"130 cm of fluid sil, hard at 130cm."
-71.5849673,41.37420313,564,Pishagqua,41.374202,-71.584969,H2S Odor throughout,2011/12/05 00:00:00+00,SAS Field description MacCaulay, ,Lagoon Bottom,282,Fluid silt loam,9999,-9,WPa1,Not Classified,Not Classified,Not Available,282 cm fluid sil - hard bottom at 282cm
-71.45048606,41.5087994,573,Pishagqua,41.508779,-71.45049,Bare bottom silt with wood debris,2011/06/21 00:00:00+00,SAS Field description MacCaulay, ,Drowned River Valley,100,Mucky silt loam,9999,-12,WPa2,Not Classified,Not Classified,Not Available,"100 + cm highly fluid sil, H2S odor, plant fragements, bagged"
-71.44835731,41.49169701,574,Pishagqua,41.49169,-71.448357,"Leaves and shells on bottom, no SAV",2011/07/01 00:00:00+00,SAS Field description MacCaulay, ,Drowned River Valley,100,Mucky silt loam,9999,9999,WPa2,Not Classified,Not Classified,Not Available,"38 cm black highly fluid msil, 38-100 olive sil, plant frag strong H2S"
-71.16489258,41.47857034,629,Pishagqua,41.478588,-71.164897,Briggs batyh core,2014/07/10 00:00:00+00,SAS Field description MacCaulay, ,Submerged Tidal Marsh,182,Fluid silt loam,9999,-4.4,WBn0,Not Classified,Not Classified,Not Available,"Pishagqua soil - 20cm fluid sil, 20-50 gray sil slight fluid high clay, lower lenses of peat - bagged."
-71.45118652,41.57888649,633,Pishagqua,41.578878,-71.451186,"ESD Study, Andy Paolcci, 0% SAV, video",2013/07/09 00:00:00+00,SAS Vibracore Pedon,S2013RI009006,"Lagoon bottom, dredged",105,Fluid silt loam,9999,9999,WPd,Fine-loamy Typic Sulfiwassents,Sulfiwassents,http://nesoil.com/sasdata/S2013RI009006_Pishagqua_Dredged_WH.pdf,105 cm of fluid silt loam.
-71.45203857,41.57987019,634,Pishagqua,41.579874,-71.452021,"ESD Study, Andy Paolcci, 0% SAV, Control",2013/07/09 00:00:00+00,SAS Vibracore Pedon,S2015RI009005,Lagoon bottom,108,Fluid silt loam,9999,9999,WPa1,Fine-loamy Typic Sulfiwassents,Sulfiwassents,http://nesoil.om/sasdata/S2013RI009005_Pishagqua_Control_WH.pdf,108 cm of fluid silt loam.
-71.13512133,41.51462787,664,Pishagqua,41.514632,-71.135127,Quicksand Pond thick rupia.,2015/07/29 00:00:00+00,Field Note, ,Lagoon Bottom,100,Fluid silt loam,9999,-7.4,WPa1,Not Classified,Not Classified,Not Available,100 plus cm of fluid silt loam.
-71.1359134,41.5162968,662,Pishaqgua,41.5163,-71.135912,"Quicksand Pond, thich rupia",2015/07/29 00:00:00+00,Field Note, ,Lagoon Bottom,100,Fluid silt loam,9999,-8.9,WPa1,Not Classified,Not Classified,Not Available,"100 plus cm of fluid silt loam, possible peat below."
-71.13526544,41.51545793,663,Pishaqgua,41.515457,-71.135262,"Quicksand Pond, thick rupia",2015/07/29 00:00:00+00,Field Note, ,Lagoon Bottom,100,Fluid silt loam,9999,-7.5,WPa1,Not Classified,Not Classified,Not Available,"100 cm of fluid silt loam, sulfur odor."
-71.13373092,41.51269733,666,Pishaqgua,41.512698,-71.133722,Quicksand Pond center,2015/07/29 00:00:00+00,Field Note, ,Lagoon Bottom,100,Fluid silt loam,9999,-8,WPa1,Not Classified,Not Classified,Not Available,"Fluid silt loam mixed with shell, buried oyster reef found in several cores."
-71.13144083,41.50865381,668,Pishaqgua,41.508653,-71.131438,Quicksand Pond center thick rupia,2015/07/29 00:00:00+00,Field Note, ,Lagoon Bottom,128,Fluid silt loam,9999,-8.1,WPa1,Not Classified,Not Classified,Not Available,Cluster of points variable shells/reef all fluid silt loam.
